playlist_id,track_name,track_uri,preview_url,added_at,analysis_url
spotify:playlist:37i9dQZF1DWZd79rJ6a7lp,Farewell,spotify:track:40f4bFrEnG7TBLD7FFRqQj,https://p.scdn.co/mp3-preview/28d691ceb455cccf96e72992def3e19eec3b2959?cid=0192382717fd44a18daf0f99ca2242d8,2019-07-26T21:07:57Z,https://api.spotify.com/v1/audio-analysis/40f4bFrEnG7TBLD7FFRqQj
spotify:playlist:37i9dQZF1DWZd79rJ6a7lp,Crépuscule,spotify:track:4FE9jhuatcOZZYoHdBDN8T,https://p.scdn.co/mp3-preview/d99f0af6cc78ab24583b4563dc083936c69c2daa?cid=0192382717fd44a18daf0f99ca2242d8,2019-07-26T21:07:57Z,https://api.spotify.com/v1/audio-analysis/4FE9jhuatcOZZYoHdBDN8T
spotify:playlist:37i9dQZF1DWZd79rJ6a7lp,Intermezzo,spotify:track:1rAv3gMViglWehdm1baqcF,https://p.scdn.co/mp3-preview/c37e0eafc184c184f3207d64e0acf5d198057c5d?cid=0192382717fd44a18daf0f99ca2242d8,2019-07-26T21:07:57Z,https://api.spotify.com/v1/audio-analysis/1rAv3gMViglWehdm1baqcF
spotify:playlist:37i9dQZF1DWZd79rJ6a7lp,Atmosphere,spotify:track:55EbjQa4Th0gmzKQdSnMrw,https://p.scdn.co/mp3-preview/7cc91cfc1dc592b240d50e46599683d49a77b6ed?cid=0192382717fd44a18daf0f99ca2242d8,2019-07-26T21:07:57Z,https://api.spotify.com/v1/audio-analysis/55EbjQa4Th0gmzKQdSnMrw
spotify:playlist:37i9dQZF1DWZd79rJ6a7lp,Gone,spotify:track:4p7LooYAQniOpcNLunFnF3,,2019-07-26T21:07:57Z,https://api.spotify.com/v1/audio-analysis/4p7LooYAQniOpcNLunFnF3
spotify:playlist:37i9dQZF1DWZd79rJ6a7lp,A Way to Heaven,spotify:track:53P3pDWN0hGSLypCMWCech,https://p.scdn.co/mp3-preview/2b0ce38805b999f9e84f9bbc10c7ca97fe608d71?cid=0192382717fd44a18daf0f99ca2242d8,2019-07-26T21:07:57Z,https://api.spotify.com/v1/audio-analysis/53P3pDWN0hGSLypCMWCech
spotify:playlist:37i9dQZF1DWZd79rJ6a7lp,While You Sleep,spotify:track:6hv1AUktgRGpY6coub12NG,https://p.scdn.co/mp3-preview/bfcf046fdbc08acefa921c2fe18468182fa34954?cid=0192382717fd44a18daf0f99ca2242d8,2019-07-26T21:07:57Z,https://api.spotify.com/v1/audio-analysis/6hv1AUktgRGpY6coub12NG
spotify:playlist:37i9dQZF1DWZd79rJ6a7lp,Pillow,spotify:track:7LwNSNnRAMPm7u3XzqxAVi,https://p.scdn.co/mp3-preview/77ea973b42f2b081b08fc5122add62449ecde94f?cid=0192382717fd44a18daf0f99ca2242d8,2019-07-26T21:07:57Z,https://api.spotify.com/v1/audio-analysis/7LwNSNnRAMPm7u3XzqxAVi
spotify:playlist:37i9dQZF1DWZd79rJ6a7lp,Thinking Like The Flowers,spotify:track:2k0lAgtTw0Ac3P1uDd2QJ2,,2019-07-26T21:07:57Z,https://api.spotify.com/v1/audio-analysis/2k0lAgtTw0Ac3P1uDd2QJ2
spotify:playlist:37i9dQZF1DWZd79rJ6a7lp,Soothe,spotify:track:0TA4KpQK657wXKvW3X0Oxf,,2019-07-26T21:07:57Z,https://api.spotify.com/v1/audio-analysis/0TA4KpQK657wXKvW3X0Oxf
spotify:playlist:37i9dQZF1DWZd79rJ6a7lp,Slumber,spotify:track:6A72j6HPfF8Y52nPK6BXRk,https://p.scdn.co/mp3-preview/a5a572078e14540dee23d972fce4854c235b1726?cid=0192382717fd44a18daf0f99ca2242d8,2019-07-26T21:07:57Z,https://api.spotify.com/v1/audio-analysis/6A72j6HPfF8Y52nPK6BXRk
spotify:playlist:37i9dQZF1DWZd79rJ6a7lp,Reaching,spotify:track:0KvgYjNjdjpgjanBhUnSfO,https://p.scdn.co/mp3-preview/42baaa12869d268978f74af4a7795a780b201fb7?cid=0192382717fd44a18daf0f99ca2242d8,2019-07-26T21:07:57Z,https://api.spotify.com/v1/audio-analysis/0KvgYjNjdjpgjanBhUnSfO
spotify:playlist:37i9dQZF1DWZd79rJ6a7lp,Autonomous Prospect,spotify:track:3Y2OkyO2dpNCAPb9z8lFhm,https://p.scdn.co/mp3-preview/8f4933ce938e7f94f7117f0de7ebae847500f124?cid=0192382717fd44a18daf0f99ca2242d8,2019-07-26T21:07:57Z,https://api.spotify.com/v1/audio-analysis/3Y2OkyO2dpNCAPb9z8lFhm
spotify:playlist:37i9dQZF1DWZd79rJ6a7lp,All Is Good,spotify:track:2taX1reIQRP5APwN3AYmDq,,2019-07-26T21:07:57Z,https://api.spotify.com/v1/audio-analysis/2taX1reIQRP5APwN3AYmDq
spotify:playlist:37i9dQZF1DWZd79rJ6a7lp,Sandy Foam,spotify:track:3UTIDzn7QvyeU4fl09Wa2B,https://p.scdn.co/mp3-preview/b8e11b439a514493e538eace8b1fd14dc53abc01?cid=0192382717fd44a18daf0f99ca2242d8,2019-07-26T21:07:57Z,https://api.spotify.com/v1/audio-analysis/3UTIDzn7QvyeU4fl09Wa2B
spotify:playlist:37i9dQZF1DWZd79rJ6a7lp,Sparkle,spotify:track:3a14Ywse8vF62KNc7zI4wW,https://p.scdn.co/mp3-preview/ce1882a0cec8d5f6e2d014f04cd5209cd2a166b7?cid=0192382717fd44a18daf0f99ca2242d8,2019-07-26T21:07:57Z,https://api.spotify.com/v1/audio-analysis/3a14Ywse8vF62KNc7zI4wW
spotify:playlist:37i9dQZF1DWZd79rJ6a7lp,Surrendering,spotify:track:57sxeemF1LxEGqZ9w4HQvi,https://p.scdn.co/mp3-preview/18d16533dc0b5cc5630b0efa9f66b48feda94bfe?cid=0192382717fd44a18daf0f99ca2242d8,2019-07-26T21:07:57Z,https://api.spotify.com/v1/audio-analysis/57sxeemF1LxEGqZ9w4HQvi
spotify:playlist:37i9dQZF1DWZd79rJ6a7lp,Noches rojas,spotify:track:1npS27jD8Fm6QpNHmtH5Pq,https://p.scdn.co/mp3-preview/ee9ede12bd7fdf0098e1f2b2f937929c9366d6df?cid=0192382717fd44a18daf0f99ca2242d8,2019-07-26T21:07:57Z,https://api.spotify.com/v1/audio-analysis/1npS27jD8Fm6QpNHmtH5Pq
spotify:playlist:37i9dQZF1DWZd79rJ6a7lp,Lily's Cradle,spotify:track:4UlarjdicLUPbdssOxWbYX,https://p.scdn.co/mp3-preview/f159a8bd98a9f86a8156d9dfa0127ae9007ca13e?cid=0192382717fd44a18daf0f99ca2242d8,2019-07-26T21:07:57Z,https://api.spotify.com/v1/audio-analysis/4UlarjdicLUPbdssOxWbYX
spotify:playlist:37i9dQZF1DWZd79rJ6a7lp,Sangre,spotify:track:6eck4C7AFDsmv8AAwozNa1,https://p.scdn.co/mp3-preview/038ca3a207cc3483114dc46222e9b410772150ca?cid=0192382717fd44a18daf0f99ca2242d8,2019-07-26T21:07:57Z,https://api.spotify.com/v1/audio-analysis/6eck4C7AFDsmv8AAwozNa1
spotify:playlist:37i9dQZF1DWZd79rJ6a7lp,Heading West,spotify:track:1KDGb7d3PHIOI6bLWgLFfV,https://p.scdn.co/mp3-preview/ac85cb9950ac8a5aae293f504256e737e74804f5?cid=0192382717fd44a18daf0f99ca2242d8,2019-07-26T21:07:57Z,https://api.spotify.com/v1/audio-analysis/1KDGb7d3PHIOI6bLWgLFfV
spotify:playlist:37i9dQZF1DWZd79rJ6a7lp,Pads of Redemption,spotify:track:5I3JZ3zvxKQMdp9rEcGkiR,https://p.scdn.co/mp3-preview/f8281074bac19729d65ac02df0c813b7cc392359?cid=0192382717fd44a18daf0f99ca2242d8,2019-07-26T21:07:57Z,https://api.spotify.com/v1/audio-analysis/5I3JZ3zvxKQMdp9rEcGkiR
spotify:playlist:37i9dQZF1DWZd79rJ6a7lp,As She Awakens,spotify:track:1tZxzyEBPmsMTOpc6t005r,https://p.scdn.co/mp3-preview/42435896236064c6925e522441c819bca260da60?cid=0192382717fd44a18daf0f99ca2242d8,2019-07-26T21:07:57Z,https://api.spotify.com/v1/audio-analysis/1tZxzyEBPmsMTOpc6t005r
spotify:playlist:37i9dQZF1DWZd79rJ6a7lp,Chiudete Gli Occhi,spotify:track:1pFCkU2BQHr0mJIj05KXSD,https://p.scdn.co/mp3-preview/1b76367e7b3038973b69e0f353acaac13f8e9829?cid=0192382717fd44a18daf0f99ca2242d8,2019-07-26T21:07:57Z,https://api.spotify.com/v1/audio-analysis/1pFCkU2BQHr0mJIj05KXSD
spotify:playlist:37i9dQZF1DWZd79rJ6a7lp,Notte,spotify:track:3sAJq6EDW2iNSJnHwLzSqV,https://p.scdn.co/mp3-preview/3555bd851f70040d2c0633ced2a99bfb0a974cfe?cid=0192382717fd44a18daf0f99ca2242d8,2019-07-26T21:07:57Z,https://api.spotify.com/v1/audio-analysis/3sAJq6EDW2iNSJnHwLzSqV
spotify:playlist:37i9dQZF1DWZd79rJ6a7lp,Quantum,spotify:track:531T2IlqucxLsyDPtw6LSv,https://p.scdn.co/mp3-preview/20b2239841222f2c2f7c810d47b36abbea265718?cid=0192382717fd44a18daf0f99ca2242d8,2019-07-26T21:07:57Z,https://api.spotify.com/v1/audio-analysis/531T2IlqucxLsyDPtw6LSv
spotify:playlist:37i9dQZF1DWZd79rJ6a7lp,Slowly Relaxing,spotify:track:19iBXrL3jjNmm4oDaozXWA,https://p.scdn.co/mp3-preview/d84e87732cd8e4e4806c28dd451077218a2d22a7?cid=0192382717fd44a18daf0f99ca2242d8,2019-07-26T21:07:57Z,https://api.spotify.com/v1/audio-analysis/19iBXrL3jjNmm4oDaozXWA
spotify:playlist:37i9dQZF1DWZd79rJ6a7lp,Nocturne,spotify:track:68kWt9VWUD62Ga664SDCiz,https://p.scdn.co/mp3-preview/68180337c4f4e9983d01dd1b7d58031da5ec7225?cid=0192382717fd44a18daf0f99ca2242d8,2019-07-26T21:07:57Z,https://api.spotify.com/v1/audio-analysis/68kWt9VWUD62Ga664SDCiz
spotify:playlist:37i9dQZF1DWZd79rJ6a7lp,Un rêve merveilleux,spotify:track:2P05XZMM1Yg3ENIzCEanAj,https://p.scdn.co/mp3-preview/4d6f648f8b60ae504886fe3452789bb3c4ad9b5b?cid=0192382717fd44a18daf0f99ca2242d8,2019-07-26T21:07:57Z,https://api.spotify.com/v1/audio-analysis/2P05XZMM1Yg3ENIzCEanAj
spotify:playlist:37i9dQZF1DWZd79rJ6a7lp,No me despiertes,spotify:track:3CkHOquzU3g6ekoYiuo5Fo,https://p.scdn.co/mp3-preview/6fef31fa84c3e5fecdc0b3a4879d486734918f3c?cid=0192382717fd44a18daf0f99ca2242d8,2019-07-26T21:07:57Z,https://api.spotify.com/v1/audio-analysis/3CkHOquzU3g6ekoYiuo5Fo
spotify:playlist:37i9dQZF1DWZd79rJ6a7lp,Éjszakai,spotify:track:2qHGPanT2ux9hwZDbmPr8t,https://p.scdn.co/mp3-preview/ffab72639954602e2fe859db19d46d64e6415dd6?cid=0192382717fd44a18daf0f99ca2242d8,2019-07-26T21:07:57Z,https://api.spotify.com/v1/audio-analysis/2qHGPanT2ux9hwZDbmPr8t
spotify:playlist:37i9dQZF1DWZd79rJ6a7lp,Noctis,spotify:track:3SwiMJxBE5eqYdbXJBRtiT,https://p.scdn.co/mp3-preview/4d56afd68242ce34dd66804a1a76605b48444a38?cid=0192382717fd44a18daf0f99ca2242d8,2019-07-26T21:07:57Z,https://api.spotify.com/v1/audio-analysis/3SwiMJxBE5eqYdbXJBRtiT
spotify:playlist:37i9dQZF1DWZd79rJ6a7lp,Ocean Safari,spotify:track:1kOp6oEC9hivJjhTyPs2AS,https://p.scdn.co/mp3-preview/f9b5523fdd95fba3373f8ead66f8be83c66b08aa?cid=0192382717fd44a18daf0f99ca2242d8,2019-07-26T21:07:57Z,https://api.spotify.com/v1/audio-analysis/1kOp6oEC9hivJjhTyPs2AS
spotify:playlist:37i9dQZF1DWZd79rJ6a7lp,Hibernation,spotify:track:1mYTROYR85RaiaVEtQztis,,2019-07-26T21:07:57Z,https://api.spotify.com/v1/audio-analysis/1mYTROYR85RaiaVEtQztis
spotify:playlist:37i9dQZF1DWZd79rJ6a7lp,Coralia,spotify:track:2QuojUtKiQ7l8ZQMDelt3s,https://p.scdn.co/mp3-preview/a4c243e74f5d22cc103fe92ed1d2403326e36c96?cid=0192382717fd44a18daf0f99ca2242d8,2019-07-26T21:07:57Z,https://api.spotify.com/v1/audio-analysis/2QuojUtKiQ7l8ZQMDelt3s
spotify:playlist:37i9dQZF1DWZd79rJ6a7lp,First Bridge,spotify:track:09g7JMQLhGPspMm1hfeqCc,https://p.scdn.co/mp3-preview/3bb4eeb1f68de864f9cb081101110084264438cf?cid=0192382717fd44a18daf0f99ca2242d8,2019-07-26T21:07:57Z,https://api.spotify.com/v1/audio-analysis/09g7JMQLhGPspMm1hfeqCc
spotify:playlist:37i9dQZF1DWZd79rJ6a7lp,Beyond Barricades,spotify:track:6tLFPu4tSmS5LccfUNtbN6,https://p.scdn.co/mp3-preview/7ba2c995f1d55340cb881014261c51bbcf45920b?cid=0192382717fd44a18daf0f99ca2242d8,2019-07-26T21:07:57Z,https://api.spotify.com/v1/audio-analysis/6tLFPu4tSmS5LccfUNtbN6
spotify:playlist:37i9dQZF1DWZd79rJ6a7lp,Benevolent,spotify:track:6PySB4GoTTMKXhH4Ksaugj,https://p.scdn.co/mp3-preview/5a9dabd4b7d1a66c513a2be0dcc5026e6796c5b5?cid=0192382717fd44a18daf0f99ca2242d8,2019-07-26T21:07:57Z,https://api.spotify.com/v1/audio-analysis/6PySB4GoTTMKXhH4Ksaugj
spotify:playlist:37i9dQZF1DWZd79rJ6a7lp,All Is Well Now,spotify:track:5QfENz96Rk140fmTccgCPa,https://p.scdn.co/mp3-preview/b9e570df47be01adb5534f662359bf719ac46c56?cid=0192382717fd44a18daf0f99ca2242d8,2019-07-26T21:07:57Z,https://api.spotify.com/v1/audio-analysis/5QfENz96Rk140fmTccgCPa
spotify:playlist:37i9dQZF1DWZd79rJ6a7lp,Call to Rest,spotify:track:7FpuImiEfUmOWKKi4UyO9y,https://p.scdn.co/mp3-preview/c5e7dfdc26ff8ee2f06878a54c21c8ac75aae2be?cid=0192382717fd44a18daf0f99ca2242d8,2019-07-26T21:07:57Z,https://api.spotify.com/v1/audio-analysis/7FpuImiEfUmOWKKi4UyO9y
spotify:playlist:37i9dQZF1DWZd79rJ6a7lp,Patience,spotify:track:342mXLmWmrjqqIaVtnYjRH,https://p.scdn.co/mp3-preview/f33729efd61f7406426e1f7bf1422f984e6da841?cid=0192382717fd44a18daf0f99ca2242d8,2019-07-26T21:07:57Z,https://api.spotify.com/v1/audio-analysis/342mXLmWmrjqqIaVtnYjRH
spotify:playlist:37i9dQZF1DWZd79rJ6a7lp,Floriscope,spotify:track:45HRj3YdVgAOLbkSRiJ4l3,https://p.scdn.co/mp3-preview/18e6b44b4eba9cd4f440ad19aab9dadbec9bed0c?cid=0192382717fd44a18daf0f99ca2242d8,2019-07-26T21:07:57Z,https://api.spotify.com/v1/audio-analysis/45HRj3YdVgAOLbkSRiJ4l3
spotify:playlist:37i9dQZF1DWZd79rJ6a7lp,Courage,spotify:track:13BdZaexiYI6sYpfJPFoIk,https://p.scdn.co/mp3-preview/9fc3b23306466c56652cf59f7bf6a0c1392806bc?cid=0192382717fd44a18daf0f99ca2242d8,2019-07-26T21:07:57Z,https://api.spotify.com/v1/audio-analysis/13BdZaexiYI6sYpfJPFoIk
spotify:playlist:37i9dQZF1DWZd79rJ6a7lp,Endymion,spotify:track:3Se2ifaSm69Np4OtyaNNKa,https://p.scdn.co/mp3-preview/a4d11958e19db6f8d55fceff4c817b9152cae9ab?cid=0192382717fd44a18daf0f99ca2242d8,2019-07-26T21:07:57Z,https://api.spotify.com/v1/audio-analysis/3Se2ifaSm69Np4OtyaNNKa
spotify:playlist:37i9dQZF1DWZd79rJ6a7lp,Lost in the Clouds,spotify:track:199TOFLcLwoW2knx6OTC0l,https://p.scdn.co/mp3-preview/4267c575daa451c7c7b2614b51043956397c041a?cid=0192382717fd44a18daf0f99ca2242d8,2019-07-26T21:07:57Z,https://api.spotify.com/v1/audio-analysis/199TOFLcLwoW2knx6OTC0l
spotify:playlist:37i9dQZF1DWZd79rJ6a7lp,Grateful Minds,spotify:track:1nwYsdWElwCywLZiY3J1g9,https://p.scdn.co/mp3-preview/76b4fb8441c6e4ef3a987a8cf675f344fa5ff118?cid=0192382717fd44a18daf0f99ca2242d8,2019-07-26T21:07:57Z,https://api.spotify.com/v1/audio-analysis/1nwYsdWElwCywLZiY3J1g9
spotify:playlist:37i9dQZF1DWZd79rJ6a7lp,The Art Of Love,spotify:track:7hXKIp3IX3nrvHkq34zbMG,https://p.scdn.co/mp3-preview/1e9ccd9864690c85cf9c1de9c0b380ce13634b0d?cid=0192382717fd44a18daf0f99ca2242d8,2019-07-26T21:07:57Z,https://api.spotify.com/v1/audio-analysis/7hXKIp3IX3nrvHkq34zbMG
spotify:playlist:37i9dQZF1DWZd79rJ6a7lp,In my quiet hour,spotify:track:4YhwpzwqfWEt04ki6wLUVk,https://p.scdn.co/mp3-preview/11bb68b3a9707f7e5175f2c2bd4a6e883032f705?cid=0192382717fd44a18daf0f99ca2242d8,2019-07-26T21:07:57Z,https://api.spotify.com/v1/audio-analysis/4YhwpzwqfWEt04ki6wLUVk
spotify:playlist:37i9dQZF1DWZd79rJ6a7lp,Between Moments,spotify:track:4dnjEaI4F2OigWbi95JIDm,,2019-07-26T21:07:57Z,https://api.spotify.com/v1/audio-analysis/4dnjEaI4F2OigWbi95JIDm
spotify:playlist:37i9dQZF1DWZd79rJ6a7lp,Ashton Lane,spotify:track:3Wt5w2KnJ5oTFtpsbGd2YJ,https://p.scdn.co/mp3-preview/9c4829607e1b7b704d0933b2808f99ac275a7a35?cid=0192382717fd44a18daf0f99ca2242d8,2019-07-26T21:07:57Z,https://api.spotify.com/v1/audio-analysis/3Wt5w2KnJ5oTFtpsbGd2YJ
spotify:playlist:37i9dQZF1DWZd79rJ6a7lp,October,spotify:track:7x8ILiGyZAFW3F0rPUPYxm,https://p.scdn.co/mp3-preview/6e3cf600610082de37c4016578034d2c6bb14072?cid=0192382717fd44a18daf0f99ca2242d8,2019-07-26T21:07:57Z,https://api.spotify.com/v1/audio-analysis/7x8ILiGyZAFW3F0rPUPYxm
spotify:playlist:37i9dQZF1DWZd79rJ6a7lp,Stardust,spotify:track:6JgkNnr3q7oT21OPN8HxlF,https://p.scdn.co/mp3-preview/6c32af1ca947e931b915d37709d59b4ac114642c?cid=0192382717fd44a18daf0f99ca2242d8,2019-07-26T21:07:57Z,https://api.spotify.com/v1/audio-analysis/6JgkNnr3q7oT21OPN8HxlF
spotify:playlist:37i9dQZF1DWZd79rJ6a7lp,Diverse Path,spotify:track:12ueCnX0Agcf6dS5SZbjiw,https://p.scdn.co/mp3-preview/111533687300c949f5ebaec9634f97adb18ff2d9?cid=0192382717fd44a18daf0f99ca2242d8,2019-07-26T21:07:57Z,https://api.spotify.com/v1/audio-analysis/12ueCnX0Agcf6dS5SZbjiw
spotify:playlist:37i9dQZF1DWZd79rJ6a7lp,Trayi,spotify:track:3u9BK8XIFDSrzIePbJYvvp,https://p.scdn.co/mp3-preview/508f0ae8e4b5c3cf045080f97202fdc3292a2279?cid=0192382717fd44a18daf0f99ca2242d8,2019-07-26T21:07:57Z,https://api.spotify.com/v1/audio-analysis/3u9BK8XIFDSrzIePbJYvvp
spotify:playlist:37i9dQZF1DWZd79rJ6a7lp,Sleep Hibernation,spotify:track:0ek2PwrDkUWRqoaTq6WKDj,https://p.scdn.co/mp3-preview/c01b20e6bb1ddb208cc1b0f674e93763cc714fc5?cid=0192382717fd44a18daf0f99ca2242d8,2019-07-26T21:07:57Z,https://api.spotify.com/v1/audio-analysis/0ek2PwrDkUWRqoaTq6WKDj
spotify:playlist:37i9dQZF1DWZd79rJ6a7lp,Nature,spotify:track:2hNvIVkTOLl86RJ2i3C72n,https://p.scdn.co/mp3-preview/a62b26c3ec500cc6312a2d230345bea6b3d3e17b?cid=0192382717fd44a18daf0f99ca2242d8,2019-07-26T21:07:57Z,https://api.spotify.com/v1/audio-analysis/2hNvIVkTOLl86RJ2i3C72n
spotify:playlist:37i9dQZF1DWZd79rJ6a7lp,Longing,spotify:track:1ONolOLYjM977hgtqKzXmJ,https://p.scdn.co/mp3-preview/5e8f3d3e0d7fa1f9965eda329f7124a035070e0a?cid=0192382717fd44a18daf0f99ca2242d8,2019-07-26T21:07:57Z,https://api.spotify.com/v1/audio-analysis/1ONolOLYjM977hgtqKzXmJ
spotify:playlist:37i9dQZF1DWZd79rJ6a7lp,Harmonious,spotify:track:0w1kQy9x8W7yA299gFLhLn,https://p.scdn.co/mp3-preview/a2b203b78236dffed1d1c14ec45dd974d6c3c508?cid=0192382717fd44a18daf0f99ca2242d8,2019-07-26T21:07:57Z,https://api.spotify.com/v1/audio-analysis/0w1kQy9x8W7yA299gFLhLn
spotify:playlist:37i9dQZF1DWZd79rJ6a7lp,No Struggle - No Progress,spotify:track:2DTi3hxKgiIJE1M9zwWvQB,https://p.scdn.co/mp3-preview/f6d21688569e038981c4f0baa8ba26476cf24763?cid=0192382717fd44a18daf0f99ca2242d8,2019-07-26T21:07:57Z,https://api.spotify.com/v1/audio-analysis/2DTi3hxKgiIJE1M9zwWvQB
spotify:playlist:37i9dQZF1DWZd79rJ6a7lp,Dream 1 (before the wind blows it all away) - Pt. 1,spotify:track:1b8hMNOq787OU4lAchJozZ,,2019-07-26T21:07:57Z,https://api.spotify.com/v1/audio-analysis/1b8hMNOq787OU4lAchJozZ
spotify:playlist:37i9dQZF1DWZd79rJ6a7lp,Finding Calmness,spotify:track:5ca7B7Qi2gpzPELK9lBab0,https://p.scdn.co/mp3-preview/571c071c9eca92871c9036055311bcd17b689eeb?cid=0192382717fd44a18daf0f99ca2242d8,2019-07-26T21:07:57Z,https://api.spotify.com/v1/audio-analysis/5ca7B7Qi2gpzPELK9lBab0
spotify:playlist:37i9dQZF1DWZd79rJ6a7lp,Arriving,spotify:track:0VZSqwbrOlZxOEakvAQX5a,https://p.scdn.co/mp3-preview/8087c781506fd6a41caa95e70734f1f0b24f28cd?cid=0192382717fd44a18daf0f99ca2242d8,2019-07-26T21:07:57Z,https://api.spotify.com/v1/audio-analysis/0VZSqwbrOlZxOEakvAQX5a
spotify:playlist:37i9dQZF1DWZd79rJ6a7lp,Energy,spotify:track:5gdW6VVL4UNnqtvGs5yyjJ,https://p.scdn.co/mp3-preview/4639bdaab2deb250fc51c3379edbd40b8ef7dca2?cid=0192382717fd44a18daf0f99ca2242d8,2019-07-26T21:07:57Z,https://api.spotify.com/v1/audio-analysis/5gdW6VVL4UNnqtvGs5yyjJ
spotify:playlist:37i9dQZF1DWZd79rJ6a7lp,Montauk,spotify:track:0eQZinXiAeZ75SRcJwuweI,https://p.scdn.co/mp3-preview/461f4ffe5d08122db0ed114d2b54c1832f2438c5?cid=0192382717fd44a18daf0f99ca2242d8,2019-07-26T21:07:57Z,https://api.spotify.com/v1/audio-analysis/0eQZinXiAeZ75SRcJwuweI
spotify:playlist:37i9dQZF1DWZd79rJ6a7lp,Light Path,spotify:track:4QtIwLatqBQlnCuG3dpsRS,https://p.scdn.co/mp3-preview/ab2bbbac1025a83c76ff432ff47457c73b6c9fff?cid=0192382717fd44a18daf0f99ca2242d8,2019-07-26T21:07:57Z,https://api.spotify.com/v1/audio-analysis/4QtIwLatqBQlnCuG3dpsRS
spotify:playlist:37i9dQZF1DWZd79rJ6a7lp,Linger,spotify:track:0LRcLz3D9bHLPPVegJoFZL,https://p.scdn.co/mp3-preview/71267838e1c802ac8dd03ed342b8e416be580941?cid=0192382717fd44a18daf0f99ca2242d8,2019-07-26T21:07:57Z,https://api.spotify.com/v1/audio-analysis/0LRcLz3D9bHLPPVegJoFZL
spotify:playlist:37i9dQZF1DWZd79rJ6a7lp,Himalaya,spotify:track:6cFTdXS8OY0Z5009mk3di8,https://p.scdn.co/mp3-preview/96c176c0f0903b8bb8e8111db8361eed20c0c293?cid=0192382717fd44a18daf0f99ca2242d8,2019-07-26T21:07:57Z,https://api.spotify.com/v1/audio-analysis/6cFTdXS8OY0Z5009mk3di8
spotify:playlist:37i9dQZF1DWZd79rJ6a7lp,For the Love of Love,spotify:track:7KWhxUrK9ofPTn3ItWceR5,https://p.scdn.co/mp3-preview/8264837c5521ac6f35c20b7b350e828ac5619c15?cid=0192382717fd44a18daf0f99ca2242d8,2019-07-26T21:07:57Z,https://api.spotify.com/v1/audio-analysis/7KWhxUrK9ofPTn3ItWceR5
spotify:playlist:37i9dQZF1DWZd79rJ6a7lp,Tell Me And I'll Forget,spotify:track:5ZMpJvJRpTs8jPCFDbUqfM,,2019-07-26T21:07:57Z,https://api.spotify.com/v1/audio-analysis/5ZMpJvJRpTs8jPCFDbUqfM
spotify:playlist:37i9dQZF1DWZd79rJ6a7lp,Drifting into Sleep,spotify:track:21Td7lpeuMOx1UNhUBySOc,https://p.scdn.co/mp3-preview/3a4c39a167f4939e724f5c5c17ad177d8a97d600?cid=0192382717fd44a18daf0f99ca2242d8,2019-07-26T21:07:57Z,https://api.spotify.com/v1/audio-analysis/21Td7lpeuMOx1UNhUBySOc
spotify:playlist:37i9dQZF1DWZd79rJ6a7lp,Whisperer,spotify:track:07dIxNWwFGWwPrYuMypE2z,https://p.scdn.co/mp3-preview/b5b587344b41835fb8592e11f75e063972f0dac7?cid=0192382717fd44a18daf0f99ca2242d8,2019-07-26T21:07:57Z,https://api.spotify.com/v1/audio-analysis/07dIxNWwFGWwPrYuMypE2z
spotify:playlist:37i9dQZF1DWZd79rJ6a7lp,Night In Burma,spotify:track:5Lb49aaOwrA5OCWz2yVZQp,,2019-07-26T21:07:57Z,https://api.spotify.com/v1/audio-analysis/5Lb49aaOwrA5OCWz2yVZQp
spotify:playlist:37i9dQZF1DWZd79rJ6a7lp,Hush,spotify:track:7JDULs0oIly6dVLDZLUNkd,https://p.scdn.co/mp3-preview/9cd3cb1328ee26993412a13e6b42d1b16df35c99?cid=0192382717fd44a18daf0f99ca2242d8,2019-07-26T21:07:57Z,https://api.spotify.com/v1/audio-analysis/7JDULs0oIly6dVLDZLUNkd
spotify:playlist:37i9dQZF1DWZd79rJ6a7lp,Celandine,spotify:track:5ptMWCoMxUP5phRKZ5MyBx,https://p.scdn.co/mp3-preview/b4cfce6da8308d14b156855d2d962fa890a7caf4?cid=0192382717fd44a18daf0f99ca2242d8,2019-07-26T21:07:57Z,https://api.spotify.com/v1/audio-analysis/5ptMWCoMxUP5phRKZ5MyBx
spotify:playlist:37i9dQZF1DWZd79rJ6a7lp,Lyrebird,spotify:track:72mDETn3Ba8yVewAcqnlqQ,https://p.scdn.co/mp3-preview/e2add7bf9cb8e31dbaddcac11cc72a4003d4b8fb?cid=0192382717fd44a18daf0f99ca2242d8,2019-07-26T21:07:57Z,https://api.spotify.com/v1/audio-analysis/72mDETn3Ba8yVewAcqnlqQ
spotify:playlist:37i9dQZF1DWZd79rJ6a7lp,Hiraeth,spotify:track:5DNpEwASbbGXz9wbr0ex6v,https://p.scdn.co/mp3-preview/19ffd5e59e035d455328541d215ac9afbb7a74ec?cid=0192382717fd44a18daf0f99ca2242d8,2019-07-26T21:07:57Z,https://api.spotify.com/v1/audio-analysis/5DNpEwASbbGXz9wbr0ex6v
spotify:playlist:37i9dQZF1DWZd79rJ6a7lp,Buenas Noches,spotify:track:72kIC2q0kaOleQ3uCWU6eN,https://p.scdn.co/mp3-preview/a5213c920c2fddca8742b389df433860eeac2a1b?cid=0192382717fd44a18daf0f99ca2242d8,2019-07-26T21:07:57Z,https://api.spotify.com/v1/audio-analysis/72kIC2q0kaOleQ3uCWU6eN
spotify:playlist:37i9dQZF1DWZd79rJ6a7lp,Warmest Embrace,spotify:track:0Sn8lWeOkc5crNhOus3hw9,https://p.scdn.co/mp3-preview/7f10d5412f1a3cb359df2ec71c90447ef9b477a4?cid=0192382717fd44a18daf0f99ca2242d8,2019-07-26T21:07:57Z,https://api.spotify.com/v1/audio-analysis/0Sn8lWeOkc5crNhOus3hw9
spotify:playlist:37i9dQZF1DWZd79rJ6a7lp,Time Travel,spotify:track:1aa3A3F6b5FZFtXAhtrybK,https://p.scdn.co/mp3-preview/45605cd158ab2af19ea24715584c673b85a34a09?cid=0192382717fd44a18daf0f99ca2242d8,2019-07-26T21:07:57Z,https://api.spotify.com/v1/audio-analysis/1aa3A3F6b5FZFtXAhtrybK
spotify:playlist:37i9dQZF1DWZd79rJ6a7lp,When I am with thee,spotify:track:3bBGo3Le7RDVWYqA7xkwgy,https://p.scdn.co/mp3-preview/884c457e8dad4cd9f8cc66a93447f3b320bab01d?cid=0192382717fd44a18daf0f99ca2242d8,2019-07-26T21:07:57Z,https://api.spotify.com/v1/audio-analysis/3bBGo3Le7RDVWYqA7xkwgy
spotify:playlist:37i9dQZF1DWZd79rJ6a7lp,Allow Me To Dream,spotify:track:5o9SpNcnJqJV4Cj9tpnKEo,https://p.scdn.co/mp3-preview/ae661941334938004a1c48552e31d110c5500368?cid=0192382717fd44a18daf0f99ca2242d8,2019-07-26T21:07:57Z,https://api.spotify.com/v1/audio-analysis/5o9SpNcnJqJV4Cj9tpnKEo
spotify:playlist:37i9dQZF1DWZd79rJ6a7lp,Calming Down,spotify:track:30kmgRQJxOJM8JmhLCTF33,https://p.scdn.co/mp3-preview/ec148e7689a6ca96d6a66c024cfcf751b7f27ca3?cid=0192382717fd44a18daf0f99ca2242d8,2019-07-26T21:07:57Z,https://api.spotify.com/v1/audio-analysis/30kmgRQJxOJM8JmhLCTF33
spotify:playlist:37i9dQZF1DWZd79rJ6a7lp,Insomniac,spotify:track:1CgE3BgULa6UIBk5R3fa7t,https://p.scdn.co/mp3-preview/b4b175fc4784a8f5fbacedd5863af93973de2d7a?cid=0192382717fd44a18daf0f99ca2242d8,2019-07-26T21:07:57Z,https://api.spotify.com/v1/audio-analysis/1CgE3BgULa6UIBk5R3fa7t
spotify:playlist:37i9dQZF1DWZd79rJ6a7lp,Northern Star,spotify:track:6lNunuEy5vdGwihinMxsU4,https://p.scdn.co/mp3-preview/a1f1a249449d9418b808942802f749599377a946?cid=0192382717fd44a18daf0f99ca2242d8,2019-07-26T21:07:57Z,https://api.spotify.com/v1/audio-analysis/6lNunuEy5vdGwihinMxsU4
spotify:playlist:37i9dQZF1DWZd79rJ6a7lp,Magica,spotify:track:75D9esOK7ASfcREQAvbtql,https://p.scdn.co/mp3-preview/67fa30508180442a6685f2d70e6c762dcf574f5f?cid=0192382717fd44a18daf0f99ca2242d8,2019-07-26T21:07:57Z,https://api.spotify.com/v1/audio-analysis/75D9esOK7ASfcREQAvbtql
spotify:playlist:37i9dQZF1DWZd79rJ6a7lp,Dormiveglia,spotify:track:3ruGcz1vh9wdcLJ7IF4ek2,https://p.scdn.co/mp3-preview/8afc4273776df90d190d13ffddffec5e32e57626?cid=0192382717fd44a18daf0f99ca2242d8,2019-07-26T21:07:57Z,https://api.spotify.com/v1/audio-analysis/3ruGcz1vh9wdcLJ7IF4ek2
spotify:playlist:37i9dQZF1DWZd79rJ6a7lp,Ava,spotify:track:2ZOcIBtmGkwQeL1ZQxhCEy,,2019-07-26T21:07:57Z,https://api.spotify.com/v1/audio-analysis/2ZOcIBtmGkwQeL1ZQxhCEy
spotify:playlist:37i9dQZF1DWZd79rJ6a7lp,Origami,spotify:track:5MIyzgrAUZ5TryLLF30hcY,https://p.scdn.co/mp3-preview/2087d7d401397179cf669832f56b180bbd30454c?cid=0192382717fd44a18daf0f99ca2242d8,2019-07-26T21:07:57Z,https://api.spotify.com/v1/audio-analysis/5MIyzgrAUZ5TryLLF30hcY
spotify:playlist:37i9dQZF1DWZd79rJ6a7lp,Finistère,spotify:track:0Qp6bdPb0XxwGCW2TDzL9d,https://p.scdn.co/mp3-preview/ccf7cdf51a71ea1ad374b43264366aa9dfaf3215?cid=0192382717fd44a18daf0f99ca2242d8,2019-07-26T21:07:57Z,https://api.spotify.com/v1/audio-analysis/0Qp6bdPb0XxwGCW2TDzL9d
spotify:playlist:37i9dQZF1DWZd79rJ6a7lp,The Flow - Ambient Version,spotify:track:1npBONsS8I6x9PUwBVvGKl,https://p.scdn.co/mp3-preview/e5919dafc615108f0b1cfb2fb75ebc0d0b76ebd7?cid=0192382717fd44a18daf0f99ca2242d8,2019-07-26T21:07:57Z,https://api.spotify.com/v1/audio-analysis/1npBONsS8I6x9PUwBVvGKl
spotify:playlist:37i9dQZF1DWZd79rJ6a7lp,Drømme,spotify:track:3ScyefUwfkGi0g6CaCemRc,https://p.scdn.co/mp3-preview/740860555e2bcbbcf917a4e9d0a1a9790efeaea8?cid=0192382717fd44a18daf0f99ca2242d8,2019-07-26T21:07:57Z,https://api.spotify.com/v1/audio-analysis/3ScyefUwfkGi0g6CaCemRc
spotify:playlist:37i9dQZF1DWZd79rJ6a7lp,Relaxation,spotify:track:7xD5j8ZCGDAPTTH5EfAVRf,https://p.scdn.co/mp3-preview/f84b6558e4ffce6a66fb5dc64373c03c87cb4f6c?cid=0192382717fd44a18daf0f99ca2242d8,2019-07-26T21:07:57Z,https://api.spotify.com/v1/audio-analysis/7xD5j8ZCGDAPTTH5EfAVRf
spotify:playlist:37i9dQZF1DWZd79rJ6a7lp,Spirituality,spotify:track:2kYSO6JCH0Nboi3QSOWhBe,https://p.scdn.co/mp3-preview/def1d856f5007fa09aeeec64bf99a1cd3f97beb2?cid=0192382717fd44a18daf0f99ca2242d8,2019-07-26T21:07:57Z,https://api.spotify.com/v1/audio-analysis/2kYSO6JCH0Nboi3QSOWhBe
spotify:playlist:37i9dQZF1DWZd79rJ6a7lp,Reverie,spotify:track:6XDyO1ycRcaRfqLgXEDcQZ,,2019-07-26T21:07:57Z,https://api.spotify.com/v1/audio-analysis/6XDyO1ycRcaRfqLgXEDcQZ
spotify:playlist:37i9dQZF1DWZd79rJ6a7lp,It Ends with Us,spotify:track:6RMjZgsE9IcQZqubTzLtDs,https://p.scdn.co/mp3-preview/6c115fedb60e2b1ae2769270d43bf165922b9760?cid=0192382717fd44a18daf0f99ca2242d8,2019-07-26T21:07:57Z,https://api.spotify.com/v1/audio-analysis/6RMjZgsE9IcQZqubTzLtDs
spotify:playlist:37i9dQZF1DWZd79rJ6a7lp,Still Now,spotify:track:2whahz2VQOrE33jKPo5Wee,https://p.scdn.co/mp3-preview/b8839227e3e8f6a62cc1c6a9aeb993111034e8af?cid=0192382717fd44a18daf0f99ca2242d8,2019-07-26T21:07:57Z,https://api.spotify.com/v1/audio-analysis/2whahz2VQOrE33jKPo5Wee
spotify:playlist:37i9dQZF1DWZd79rJ6a7lp,Soul Pretender,spotify:track:3MNLhJcidAO44dbDJyB2Vt,https://p.scdn.co/mp3-preview/80dd928a465a87937d26f367a6cc30b17212ab14?cid=0192382717fd44a18daf0f99ca2242d8,2019-07-26T21:07:57Z,https://api.spotify.com/v1/audio-analysis/3MNLhJcidAO44dbDJyB2Vt
spotify:playlist:37i9dQZF1DWZd79rJ6a7lp,Triangle,spotify:track:6LnG3cueIxb0SpZP3AfdUw,https://p.scdn.co/mp3-preview/304346684860bcffad1aea77947e30c969396876?cid=0192382717fd44a18daf0f99ca2242d8,2019-07-26T21:07:57Z,https://api.spotify.com/v1/audio-analysis/6LnG3cueIxb0SpZP3AfdUw
spotify:playlist:37i9dQZF1DWZd79rJ6a7lp,Sway,spotify:track:1LQsAMbRfl2644biYjwHhz,https://p.scdn.co/mp3-preview/be886ba48746f511fc960953e80061b09dd5eca4?cid=0192382717fd44a18daf0f99ca2242d8,2019-07-26T21:07:57Z,https://api.spotify.com/v1/audio-analysis/1LQsAMbRfl2644biYjwHhz
spotify:playlist:37i9dQZF1DWZd79rJ6a7lp,Eyes closed,spotify:track:4D1df6ORQAATbEjYyDiKav,https://p.scdn.co/mp3-preview/dec4be8d6a55d669fdf78613207aa2254c3ebf97?cid=0192382717fd44a18daf0f99ca2242d8,2019-07-26T21:07:57Z,https://api.spotify.com/v1/audio-analysis/4D1df6ORQAATbEjYyDiKav
spotify:playlist:37i9dQZF1DWZd79rJ6a7lp,The Book of Jen,spotify:track:7LnU4vflcZ8fyuFaVxGtuN,https://p.scdn.co/mp3-preview/d7864a411935004116573d99b08c69baccd2b747?cid=0192382717fd44a18daf0f99ca2242d8,2019-07-26T21:07:57Z,https://api.spotify.com/v1/audio-analysis/7LnU4vflcZ8fyuFaVxGtuN
spotify:playlist:37i9dQZF1DWZd79rJ6a7lp,Tallis One,spotify:track:0CQskMydQ8AhtKhJUAolvE,https://p.scdn.co/mp3-preview/2922ffd1a02a413ba64d4d5d7c18690741ddc39e?cid=0192382717fd44a18daf0f99ca2242d8,2019-07-26T21:07:57Z,https://api.spotify.com/v1/audio-analysis/0CQskMydQ8AhtKhJUAolvE
spotify:playlist:37i9dQZF1DWZd79rJ6a7lp,Falling Forward,spotify:track:02iKyyvlc3gZ8jLY04Mva1,https://p.scdn.co/mp3-preview/79be9fc9a2491655569ca012789646fb4685676e?cid=0192382717fd44a18daf0f99ca2242d8,2019-07-26T21:07:57Z,https://api.spotify.com/v1/audio-analysis/02iKyyvlc3gZ8jLY04Mva1
spotify:playlist:37i9dQZF1DWZd79rJ6a7lp,Quando sorridi,spotify:track:4tJLqa4zHZmoBrkdZu2IFY,https://p.scdn.co/mp3-preview/8b4a42bffd6dd8053e2ddb357f693493cae5d240?cid=0192382717fd44a18daf0f99ca2242d8,2019-07-26T21:07:57Z,https://api.spotify.com/v1/audio-analysis/4tJLqa4zHZmoBrkdZu2IFY
spotify:playlist:37i9dQZF1DWZd79rJ6a7lp,Mandala,spotify:track:2p1PsXzDyK5vpFQueMlOmD,https://p.scdn.co/mp3-preview/3ba545787d7abe68363f7b8f4800f49e566f6f9f?cid=0192382717fd44a18daf0f99ca2242d8,2019-07-26T21:07:57Z,https://api.spotify.com/v1/audio-analysis/2p1PsXzDyK5vpFQueMlOmD
spotify:playlist:37i9dQZF1DWZd79rJ6a7lp,The Carousel,spotify:track:5l9zjoKpFdAmcW0JdqQoNn,https://p.scdn.co/mp3-preview/e0262b288bb9241322f735356b398409d2b7539d?cid=0192382717fd44a18daf0f99ca2242d8,2019-07-26T21:07:57Z,https://api.spotify.com/v1/audio-analysis/5l9zjoKpFdAmcW0JdqQoNn
spotify:playlist:37i9dQZF1DWZd79rJ6a7lp,Paper Thin Reality,spotify:track:1dzc28LyRoVaw9FHYcsVx7,,2019-07-26T21:07:57Z,https://api.spotify.com/v1/audio-analysis/1dzc28LyRoVaw9FHYcsVx7
spotify:playlist:37i9dQZF1DWZd79rJ6a7lp,Petrichor,spotify:track:4YEwctlt0HkhmLrWzW45F7,https://p.scdn.co/mp3-preview/da63cb389a1a8d825f4c9d11f34166c0be2f07da?cid=0192382717fd44a18daf0f99ca2242d8,2019-07-26T21:07:57Z,https://api.spotify.com/v1/audio-analysis/4YEwctlt0HkhmLrWzW45F7
spotify:playlist:37i9dQZF1DWZd79rJ6a7lp,As With The Night Sky,spotify:track:6nJUw7h8liQrCLhqlNTL59,https://p.scdn.co/mp3-preview/9da4b45ba04133e2174d2b22e5a6d44cf62028e5?cid=0192382717fd44a18daf0f99ca2242d8,2019-07-26T21:07:57Z,https://api.spotify.com/v1/audio-analysis/6nJUw7h8liQrCLhqlNTL59
spotify:playlist:37i9dQZF1DWZd79rJ6a7lp,Quarantine,spotify:track:33WEwYZVLUtuYOHSEtVBlg,https://p.scdn.co/mp3-preview/1fabaf1d9211fcb51629fc2c2320f41dd7ebf567?cid=0192382717fd44a18daf0f99ca2242d8,2019-07-26T21:07:57Z,https://api.spotify.com/v1/audio-analysis/33WEwYZVLUtuYOHSEtVBlg
spotify:playlist:37i9dQZF1DWZd79rJ6a7lp,Introspective,spotify:track:1hYEnW3hjGnnvTuEUlAD6h,https://p.scdn.co/mp3-preview/c87207266f2d7428a5635b73e3e1468725af9b31?cid=0192382717fd44a18daf0f99ca2242d8,2019-07-26T21:07:57Z,https://api.spotify.com/v1/audio-analysis/1hYEnW3hjGnnvTuEUlAD6h
spotify:playlist:37i9dQZF1DWZd79rJ6a7lp,Intention,spotify:track:5eKWFYDP72IqdzmZLyu4d4,https://p.scdn.co/mp3-preview/e01390e551eb5219f95df32117c1663302d744f1?cid=0192382717fd44a18daf0f99ca2242d8,2019-07-26T21:07:57Z,https://api.spotify.com/v1/audio-analysis/5eKWFYDP72IqdzmZLyu4d4
spotify:playlist:37i9dQZF1DWZd79rJ6a7lp,Endless Dreams,spotify:track:5FRXHIqQWQwIjy736eeESN,https://p.scdn.co/mp3-preview/15f65f73876567515eaf9f895eddb4a9d8a1aa82?cid=0192382717fd44a18daf0f99ca2242d8,2019-07-26T21:07:57Z,https://api.spotify.com/v1/audio-analysis/5FRXHIqQWQwIjy736eeESN
spotify:playlist:37i9dQZF1DWZd79rJ6a7lp,Mellifluous,spotify:track:1vSqYZ2q0cvwlWNAzkzeOq,https://p.scdn.co/mp3-preview/f5fa281218a2ef074811bafae6a3c1a42f570bc4?cid=0192382717fd44a18daf0f99ca2242d8,2019-07-26T21:07:57Z,https://api.spotify.com/v1/audio-analysis/1vSqYZ2q0cvwlWNAzkzeOq
spotify:playlist:37i9dQZF1DWZd79rJ6a7lp,The Gift,spotify:track:049dXA0tNzvTYVIHILMY4j,,2019-07-26T21:07:57Z,https://api.spotify.com/v1/audio-analysis/049dXA0tNzvTYVIHILMY4j
spotify:playlist:37i9dQZF1DWZd79rJ6a7lp,The Garden's Light,spotify:track:7uLFo7WHyKjEKi5Rm6qe2o,,2019-07-26T21:07:57Z,https://api.spotify.com/v1/audio-analysis/7uLFo7WHyKjEKi5Rm6qe2o
spotify:playlist:37i9dQZF1DWZd79rJ6a7lp,Loveliness,spotify:track:5nMsoz257d3AbY8O8FC4Jx,https://p.scdn.co/mp3-preview/cc1ec0beaf3b750b77e1f235adfbb7960d28e543?cid=0192382717fd44a18daf0f99ca2242d8,2019-07-26T21:07:57Z,https://api.spotify.com/v1/audio-analysis/5nMsoz257d3AbY8O8FC4Jx
spotify:playlist:37i9dQZF1DWZd79rJ6a7lp,Je plane,spotify:track:3Ue6xLJF9IexoSwzQIgWgq,https://p.scdn.co/mp3-preview/b1b8301d8c8da73b30934e64746830bc07bb34cf?cid=0192382717fd44a18daf0f99ca2242d8,2019-07-26T21:07:57Z,https://api.spotify.com/v1/audio-analysis/3Ue6xLJF9IexoSwzQIgWgq
spotify:playlist:37i9dQZF1DWZd79rJ6a7lp,Dream Voucher,spotify:track:2T6wyxLBkQ4Y2ZjTbpuYfr,https://p.scdn.co/mp3-preview/1b3838664aa2e3386c1f02bb880c7fd8f2bb092b?cid=0192382717fd44a18daf0f99ca2242d8,2019-07-26T21:07:57Z,https://api.spotify.com/v1/audio-analysis/2T6wyxLBkQ4Y2ZjTbpuYfr
spotify:playlist:37i9dQZF1DWZd79rJ6a7lp,The Sleeper,spotify:track:1BpAKG4TNBqkgtv33pQySC,https://p.scdn.co/mp3-preview/7062453adaee14a9497343b58152e6cbee914600?cid=0192382717fd44a18daf0f99ca2242d8,2019-07-26T21:07:57Z,https://api.spotify.com/v1/audio-analysis/1BpAKG4TNBqkgtv33pQySC
spotify:playlist:37i9dQZF1DWZd79rJ6a7lp,A Clear Mind,spotify:track:2pypBNUUzViaP7Dswi9zpF,https://p.scdn.co/mp3-preview/43cec85f8a332c5f96bf80b8f2d1ba9385712e6d?cid=0192382717fd44a18daf0f99ca2242d8,2019-07-26T21:07:57Z,https://api.spotify.com/v1/audio-analysis/2pypBNUUzViaP7Dswi9zpF
spotify:playlist:37i9dQZF1DWZd79rJ6a7lp,Visions of Sleep and Beyond,spotify:track:3TT0S61x8x2IFUn8lnqjq9,https://p.scdn.co/mp3-preview/2c6da47ffeb50cb76b6f67c1e5cf1c6b3c4e6419?cid=0192382717fd44a18daf0f99ca2242d8,2019-07-26T21:07:57Z,https://api.spotify.com/v1/audio-analysis/3TT0S61x8x2IFUn8lnqjq9
spotify:playlist:37i9dQZF1DWZd79rJ6a7lp,Stage Three,spotify:track:1PEbZAKVXlrABYuzZpBypd,https://p.scdn.co/mp3-preview/c431db67e4389c1aefcd0807d1458b78335ff556?cid=0192382717fd44a18daf0f99ca2242d8,2019-07-26T21:07:57Z,https://api.spotify.com/v1/audio-analysis/1PEbZAKVXlrABYuzZpBypd
spotify:playlist:37i9dQZF1DWZd79rJ6a7lp,Breathe,spotify:track:7Mr1C9U2R0bSyviqQ9IYuV,https://p.scdn.co/mp3-preview/7595c82eeb39ebc9f4b8538ba8ad6654e7ac8c81?cid=0192382717fd44a18daf0f99ca2242d8,2019-07-26T21:07:57Z,https://api.spotify.com/v1/audio-analysis/7Mr1C9U2R0bSyviqQ9IYuV
spotify:playlist:37i9dQZF1DWZd79rJ6a7lp,Spiritual Awakening,spotify:track:5hD7Ezq0E8nwz7z2xNMlVH,https://p.scdn.co/mp3-preview/091f8fe3890c47ccb3d6bd6dc6330a4fe86005ce?cid=0192382717fd44a18daf0f99ca2242d8,2019-07-26T21:07:57Z,https://api.spotify.com/v1/audio-analysis/5hD7Ezq0E8nwz7z2xNMlVH
spotify:playlist:37i9dQZF1DWZd79rJ6a7lp,Echos,spotify:track:2CSPfjkSXlzJqHtpUZgbKE,https://p.scdn.co/mp3-preview/49bfe19b621552309236f179fe8db63203ab7eb1?cid=0192382717fd44a18daf0f99ca2242d8,2019-07-26T21:07:57Z,https://api.spotify.com/v1/audio-analysis/2CSPfjkSXlzJqHtpUZgbKE
spotify:playlist:37i9dQZF1DWZd79rJ6a7lp,Atoms,spotify:track:1nPTaQHgrjKhSGb5ILEV47,https://p.scdn.co/mp3-preview/b6e2de53a9618314cfec4e3c2bec91730dcb994f?cid=0192382717fd44a18daf0f99ca2242d8,2019-07-26T21:07:57Z,https://api.spotify.com/v1/audio-analysis/1nPTaQHgrjKhSGb5ILEV47
spotify:playlist:37i9dQZF1DWZd79rJ6a7lp,Unrequited,spotify:track:07tUhErHb7K8bdOcwyvbuK,https://p.scdn.co/mp3-preview/3821d7835e8129b37f13bcae3ac10b03d448aff9?cid=0192382717fd44a18daf0f99ca2242d8,2019-07-26T21:07:57Z,https://api.spotify.com/v1/audio-analysis/07tUhErHb7K8bdOcwyvbuK
spotify:playlist:37i9dQZF1DWZd79rJ6a7lp,The Calm,spotify:track:1nqq9YCuHGnk9YabcqH1bp,https://p.scdn.co/mp3-preview/79eafc53fa9dfc5a87298297c7865a72aaef6bd7?cid=0192382717fd44a18daf0f99ca2242d8,2019-07-26T21:07:57Z,https://api.spotify.com/v1/audio-analysis/1nqq9YCuHGnk9YabcqH1bp
spotify:playlist:37i9dQZF1DWZd79rJ6a7lp,Magnetic,spotify:track:3FBk3DcCOC5gkhX50rbHbC,https://p.scdn.co/mp3-preview/5ddf594da4f606d119a3555f69ac55db1ff9a2de?cid=0192382717fd44a18daf0f99ca2242d8,2019-07-26T21:07:57Z,https://api.spotify.com/v1/audio-analysis/3FBk3DcCOC5gkhX50rbHbC
spotify:playlist:37i9dQZF1DWZd79rJ6a7lp,Solitude Island,spotify:track:4t1GRQrFiv50HmjYbUXooo,,2019-07-26T21:07:57Z,https://api.spotify.com/v1/audio-analysis/4t1GRQrFiv50HmjYbUXooo
spotify:playlist:37i9dQZF1DWZd79rJ6a7lp,Only If,spotify:track:5inRFwMMBpjpHzKHT2f2fB,https://p.scdn.co/mp3-preview/e422063e839cfe8b7531c88f9e81cac72569a10a?cid=0192382717fd44a18daf0f99ca2242d8,2019-07-26T21:07:57Z,https://api.spotify.com/v1/audio-analysis/5inRFwMMBpjpHzKHT2f2fB
spotify:playlist:37i9dQZF1DWZd79rJ6a7lp,Talisman Stallion,spotify:track:1e3JUGxqyfe94XBFnWdP11,https://p.scdn.co/mp3-preview/ab41e98ba95c3ee49702855c626543de5ef2de57?cid=0192382717fd44a18daf0f99ca2242d8,2019-07-26T21:07:57Z,https://api.spotify.com/v1/audio-analysis/1e3JUGxqyfe94XBFnWdP11
spotify:playlist:37i9dQZF1DWZd79rJ6a7lp,Kalmte,spotify:track:1Mvt8IaW1Pl48tFkXXuUuQ,https://p.scdn.co/mp3-preview/8198f09b949bbb7512df956194c8274aa8ec1118?cid=0192382717fd44a18daf0f99ca2242d8,2019-07-26T21:07:57Z,https://api.spotify.com/v1/audio-analysis/1Mvt8IaW1Pl48tFkXXuUuQ
spotify:playlist:37i9dQZF1DWZd79rJ6a7lp,Glitching,spotify:track:7gpL5CorPuYBthvZkPPFGd,https://p.scdn.co/mp3-preview/27bab7a38e1b6a3b913b3d4e37ab79ed2e3a3b72?cid=0192382717fd44a18daf0f99ca2242d8,2019-07-26T21:07:57Z,https://api.spotify.com/v1/audio-analysis/7gpL5CorPuYBthvZkPPFGd
spotify:playlist:37i9dQZF1DWZd79rJ6a7lp,Lakeshore,spotify:track:5NRhAVJrW5o4FK1OKKgbgQ,https://p.scdn.co/mp3-preview/af7f11f46d57f32d9feb72a5b7a78863ac8d4620?cid=0192382717fd44a18daf0f99ca2242d8,2019-07-26T21:07:57Z,https://api.spotify.com/v1/audio-analysis/5NRhAVJrW5o4FK1OKKgbgQ
spotify:playlist:37i9dQZF1DWZd79rJ6a7lp,The Watchtower,spotify:track:504NLPDUBRylbZUUQR97XX,https://p.scdn.co/mp3-preview/53f733d6d31ef1726f3e1aa6b29cb47c165df4b0?cid=0192382717fd44a18daf0f99ca2242d8,2019-07-26T21:07:57Z,https://api.spotify.com/v1/audio-analysis/504NLPDUBRylbZUUQR97XX
spotify:playlist:37i9dQZF1DWZd79rJ6a7lp,Anona,spotify:track:44rpvXgWhgUWmLUH12Nu58,https://p.scdn.co/mp3-preview/d3e99fe60530aa267282cfa9439889f4ee84e621?cid=0192382717fd44a18daf0f99ca2242d8,2019-07-26T21:07:57Z,https://api.spotify.com/v1/audio-analysis/44rpvXgWhgUWmLUH12Nu58
spotify:playlist:37i9dQZF1DWZd79rJ6a7lp,Anasazi,spotify:track:0ntmnrnM7BqzocwsJeT2PK,https://p.scdn.co/mp3-preview/8de8b51a03ade1bda99e35f90fe661db98d6b27e?cid=0192382717fd44a18daf0f99ca2242d8,2019-07-26T21:07:57Z,https://api.spotify.com/v1/audio-analysis/0ntmnrnM7BqzocwsJeT2PK
spotify:playlist:37i9dQZF1DWZd79rJ6a7lp,Divine,spotify:track:53gdJHHgCDSvJg5n3pNL0R,,2019-07-26T21:07:57Z,https://api.spotify.com/v1/audio-analysis/53gdJHHgCDSvJg5n3pNL0R
spotify:playlist:37i9dQZF1DWZd79rJ6a7lp,Crystal Clear,spotify:track:1kbtQzzN5z8KjFZXfOH2H9,,2019-07-26T21:07:57Z,https://api.spotify.com/v1/audio-analysis/1kbtQzzN5z8KjFZXfOH2H9
spotify:playlist:37i9dQZF1DWZd79rJ6a7lp,Evolutionistically Yours,spotify:track:01T3AjynqSMVfiAQCAfrKJ,https://p.scdn.co/mp3-preview/833582cb0cb0450554500db5256d140e72738568?cid=0192382717fd44a18daf0f99ca2242d8,2019-07-26T21:07:57Z,https://api.spotify.com/v1/audio-analysis/01T3AjynqSMVfiAQCAfrKJ
spotify:playlist:37i9dQZF1DWZd79rJ6a7lp,La,spotify:track:5zRjeZL6xjT6f7c8dkHqrB,,2019-07-26T21:07:57Z,https://api.spotify.com/v1/audio-analysis/5zRjeZL6xjT6f7c8dkHqrB
spotify:playlist:37i9dQZF1DWZd79rJ6a7lp,Dealings,spotify:track:3yMTAa0lNBMjF4rwoWRSRp,,2019-07-26T21:07:57Z,https://api.spotify.com/v1/audio-analysis/3yMTAa0lNBMjF4rwoWRSRp
spotify:playlist:37i9dQZF1DWZd79rJ6a7lp,Ella's Lullaby,spotify:track:4TxfZzrq0dH2Wmfl4dAjN9,https://p.scdn.co/mp3-preview/ec3b1534e56567f5924ca63c98d73871a3595541?cid=0192382717fd44a18daf0f99ca2242d8,2019-07-26T21:07:57Z,https://api.spotify.com/v1/audio-analysis/4TxfZzrq0dH2Wmfl4dAjN9
spotify:playlist:37i9dQZF1DWZd79rJ6a7lp,Threads,spotify:track:30VnmNoXmeNMlDR6MxLP5U,,2019-07-26T21:07:57Z,https://api.spotify.com/v1/audio-analysis/30VnmNoXmeNMlDR6MxLP5U
spotify:playlist:37i9dQZF1DWZd79rJ6a7lp,Nemo Egg (Main Title),spotify:track:7jSQaXLzpLHjSQTev2krvT,,2019-07-26T21:07:57Z,https://api.spotify.com/v1/audio-analysis/7jSQaXLzpLHjSQTev2krvT
spotify:playlist:37i9dQZF1DWZd79rJ6a7lp,Connection,spotify:track:3OSr4tLBco2Me4WrexyoQR,https://p.scdn.co/mp3-preview/157b72a5fb7ea19027c02af629ee5da0cd72ff53?cid=0192382717fd44a18daf0f99ca2242d8,2019-07-26T21:07:57Z,https://api.spotify.com/v1/audio-analysis/3OSr4tLBco2Me4WrexyoQR
spotify:playlist:37i9dQZF1DWZd79rJ6a7lp,Overture (For Other Halfs),spotify:track:1F7vUCER63VfNzvZKTi2pn,https://p.scdn.co/mp3-preview/3fbb580c6910e548bd120ef6ca0bdeee3ae5c4b6?cid=0192382717fd44a18daf0f99ca2242d8,2019-07-26T21:07:57Z,https://api.spotify.com/v1/audio-analysis/1F7vUCER63VfNzvZKTi2pn
spotify:playlist:37i9dQZF1DWZd79rJ6a7lp,"Floating, Floating",spotify:track:2FcAtBp8X5Du0uumXpCYGD,,2019-07-26T21:07:57Z,https://api.spotify.com/v1/audio-analysis/2FcAtBp8X5Du0uumXpCYGD
spotify:playlist:37i9dQZF1DWZd79rJ6a7lp,Les Chevaux,spotify:track:4ZqmGnpiF9yLu7zEsf7m1y,https://p.scdn.co/mp3-preview/5507d3a220f4a0798167cef74757af48171c99ea?cid=0192382717fd44a18daf0f99ca2242d8,2019-07-26T21:07:57Z,https://api.spotify.com/v1/audio-analysis/4ZqmGnpiF9yLu7zEsf7m1y
spotify:playlist:37i9dQZF1DWZd79rJ6a7lp,Solitude,spotify:track:3kgu8TFddPdy6gSJaQSeij,https://p.scdn.co/mp3-preview/107b6a65d30197f668b3d21d160faf86266b9b34?cid=0192382717fd44a18daf0f99ca2242d8,2019-07-26T21:07:57Z,https://api.spotify.com/v1/audio-analysis/3kgu8TFddPdy6gSJaQSeij
spotify:playlist:37i9dQZF1DWZd79rJ6a7lp,This Moment,spotify:track:6gp6sejiJXYU1i6xHPf8hh,https://p.scdn.co/mp3-preview/2e0189ae55602f4310b2721a5b2fe6a1a6ffe4d8?cid=0192382717fd44a18daf0f99ca2242d8,2019-07-26T21:07:57Z,https://api.spotify.com/v1/audio-analysis/6gp6sejiJXYU1i6xHPf8hh
spotify:playlist:37i9dQZF1DWZd79rJ6a7lp,Red Gold Yesterday,spotify:track:557iYakWWJQeKbJS3UYMxG,,2019-07-26T21:07:57Z,https://api.spotify.com/v1/audio-analysis/557iYakWWJQeKbJS3UYMxG
spotify:playlist:37i9dQZF1DWZd79rJ6a7lp,Breathe,spotify:track:2Ixv7ct5UPgvHb2si3uE9m,https://p.scdn.co/mp3-preview/5d07637c381d813589238423a9b357ea6abddf76?cid=0192382717fd44a18daf0f99ca2242d8,2019-07-26T21:07:57Z,https://api.spotify.com/v1/audio-analysis/2Ixv7ct5UPgvHb2si3uE9m
spotify:playlist:37i9dQZF1DWZd79rJ6a7lp,Solêr,spotify:track:3SsXxuvEu20CnDg7LUNFDY,https://p.scdn.co/mp3-preview/05de43130c6b745f6374ec3f5edcd3c2ee787998?cid=0192382717fd44a18daf0f99ca2242d8,2019-07-26T21:07:57Z,https://api.spotify.com/v1/audio-analysis/3SsXxuvEu20CnDg7LUNFDY
spotify:playlist:37i9dQZF1DWZd79rJ6a7lp,La Lluvia,spotify:track:4WKJm0usdFOUQH5Y574WtZ,https://p.scdn.co/mp3-preview/869738240b7f92bf0365f1cfe4466167f898bdfd?cid=0192382717fd44a18daf0f99ca2242d8,2019-07-26T21:07:57Z,https://api.spotify.com/v1/audio-analysis/4WKJm0usdFOUQH5Y574WtZ
spotify:playlist:37i9dQZF1DWZd79rJ6a7lp,Faded Dreams,spotify:track:5jxBweBbPFg53Ozudm6HrC,https://p.scdn.co/mp3-preview/116c0a3ebff9daa1c3e4ec485107779c468e2a50?cid=0192382717fd44a18daf0f99ca2242d8,2019-07-26T21:07:57Z,https://api.spotify.com/v1/audio-analysis/5jxBweBbPFg53Ozudm6HrC
spotify:playlist:37i9dQZF1DWZd79rJ6a7lp,Deep Forest - Cello Version,spotify:track:7gi7v5tKoJ1R7yunvDeU5F,https://p.scdn.co/mp3-preview/6324ff36dd48ba38ebaa51cf39d248ff77861164?cid=0192382717fd44a18daf0f99ca2242d8,2019-07-26T21:07:57Z,https://api.spotify.com/v1/audio-analysis/7gi7v5tKoJ1R7yunvDeU5F
spotify:playlist:37i9dQZF1DWZd79rJ6a7lp,Sleepers Beat Theme,spotify:track:4pR77cbN8yZzk4mgMb8aHu,,2019-07-26T21:07:57Z,https://api.spotify.com/v1/audio-analysis/4pR77cbN8yZzk4mgMb8aHu
spotify:playlist:37i9dQZF1DWZd79rJ6a7lp,Dreaming of You,spotify:track:5CrMJPk2EMqsIfhakzomYR,https://p.scdn.co/mp3-preview/d803cde53bd4d26c31f7bca36b88b5d9edc6dd65?cid=0192382717fd44a18daf0f99ca2242d8,2019-07-26T21:07:57Z,https://api.spotify.com/v1/audio-analysis/5CrMJPk2EMqsIfhakzomYR
spotify:playlist:37i9dQZF1DWZd79rJ6a7lp,Finding It There,spotify:track:5G9rra29bm2HtXcyDtRf1y,https://p.scdn.co/mp3-preview/e798b2759cbf0c51fd3cf6a975b7f0d0e15e28f7?cid=0192382717fd44a18daf0f99ca2242d8,2019-07-26T21:07:57Z,https://api.spotify.com/v1/audio-analysis/5G9rra29bm2HtXcyDtRf1y
spotify:playlist:37i9dQZF1DWZd79rJ6a7lp,Worlds Apart,spotify:track:1oen1dD68x1ZUOhy6WePRG,https://p.scdn.co/mp3-preview/100ba41c23afe744a61f76cd688164c1f9c46125?cid=0192382717fd44a18daf0f99ca2242d8,2019-07-26T21:07:57Z,https://api.spotify.com/v1/audio-analysis/1oen1dD68x1ZUOhy6WePRG
spotify:playlist:37i9dQZF1DWZd79rJ6a7lp,Wings of Glass,spotify:track:2jhrGvTh7nalekgaCk4gTP,https://p.scdn.co/mp3-preview/3f4e36a1e17195e5483068ac7bb65124bef2e655?cid=0192382717fd44a18daf0f99ca2242d8,2019-07-26T21:07:57Z,https://api.spotify.com/v1/audio-analysis/2jhrGvTh7nalekgaCk4gTP
spotify:playlist:37i9dQZF1DWZd79rJ6a7lp,Dawning,spotify:track:2XEDcR9jHaHJD97TdjjNpF,https://p.scdn.co/mp3-preview/3c852ff0729647f1a624c8d4ecc374245d607703?cid=0192382717fd44a18daf0f99ca2242d8,2019-07-26T21:07:57Z,https://api.spotify.com/v1/audio-analysis/2XEDcR9jHaHJD97TdjjNpF
spotify:playlist:37i9dQZF1DWZd79rJ6a7lp,Emerald and Stone,spotify:track:7Jd0MqZq15T4pDWts2G6Yl,https://p.scdn.co/mp3-preview/7b05ef830003b41b37169db0d5d8663ccad92dc8?cid=0192382717fd44a18daf0f99ca2242d8,2019-07-26T21:07:57Z,https://api.spotify.com/v1/audio-analysis/7Jd0MqZq15T4pDWts2G6Yl
spotify:playlist:37i9dQZF1DWZd79rJ6a7lp,Avril 14th,spotify:track:2MZSXhq4XDJWu6coGoXX1V,https://p.scdn.co/mp3-preview/8b0ffffe73ff5ba8bc187516b468777969d7a843?cid=0192382717fd44a18daf0f99ca2242d8,2019-07-26T21:07:57Z,https://api.spotify.com/v1/audio-analysis/2MZSXhq4XDJWu6coGoXX1V
spotify:playlist:37i9dQZF1DWZd79rJ6a7lp,The Giant,spotify:track:2TOQzMaEqVVhdeheBVLOMm,https://p.scdn.co/mp3-preview/9055ad201d52db999077a97d3e29f44c3a1044ba?cid=0192382717fd44a18daf0f99ca2242d8,2019-07-26T21:07:57Z,https://api.spotify.com/v1/audio-analysis/2TOQzMaEqVVhdeheBVLOMm
spotify:playlist:37i9dQZF1DWZd79rJ6a7lp,Luna,spotify:track:2JJz0U0hlpYZC3jD0nzjYi,,2019-07-26T21:07:57Z,https://api.spotify.com/v1/audio-analysis/2JJz0U0hlpYZC3jD0nzjYi
spotify:playlist:37i9dQZF1DWZd79rJ6a7lp,Dorotea,spotify:track:59jDSGDLBUjDB8fr2BgoT2,,2019-07-26T21:07:57Z,https://api.spotify.com/v1/audio-analysis/59jDSGDLBUjDB8fr2BgoT2
spotify:playlist:37i9dQZF1DWZd79rJ6a7lp,Celtic Cowboy,spotify:track:7BX9pdIbf4LkCIWmFYp3tN,https://p.scdn.co/mp3-preview/eb724fe14f76d81acde9c5e50fce700964cc815b?cid=0192382717fd44a18daf0f99ca2242d8,2019-07-26T21:07:57Z,https://api.spotify.com/v1/audio-analysis/7BX9pdIbf4LkCIWmFYp3tN
spotify:playlist:37i9dQZF1DWZd79rJ6a7lp,Squares of life,spotify:track:2C6BCDdtYjbbbAucqaw9NG,https://p.scdn.co/mp3-preview/db97f7371adf7a6b834377d80423fb2a9295f037?cid=0192382717fd44a18daf0f99ca2242d8,2019-07-26T21:07:57Z,https://api.spotify.com/v1/audio-analysis/2C6BCDdtYjbbbAucqaw9NG
spotify:playlist:37i9dQZF1DWZd79rJ6a7lp,Painting The Horizon,spotify:track:2arnhO5us8aYdi5kYBiQPa,,2019-07-26T21:07:57Z,https://api.spotify.com/v1/audio-analysis/2arnhO5us8aYdi5kYBiQPa
spotify:playlist:37i9dQZF1DWZd79rJ6a7lp,Olancha Farewell,spotify:track:4KyJQKAFvEH4F52qSMuwIF,,2019-07-26T21:07:57Z,https://api.spotify.com/v1/audio-analysis/4KyJQKAFvEH4F52qSMuwIF
spotify:playlist:37i9dQZF1DWZd79rJ6a7lp,Sugarcane,spotify:track:6uWjjaiquXsjuQuks2mZME,https://p.scdn.co/mp3-preview/fa850316fe3f9e11e39d4083e60c9bb63039f4d6?cid=0192382717fd44a18daf0f99ca2242d8,2019-07-26T21:07:57Z,https://api.spotify.com/v1/audio-analysis/6uWjjaiquXsjuQuks2mZME
spotify:playlist:37i9dQZF1DWZd79rJ6a7lp,Quiet Resource,spotify:track:5FoZCDCl6WhrAIm4Ygyjg7,https://p.scdn.co/mp3-preview/9bdab81a04a2c09925f7e4725231889ce65e00c3?cid=0192382717fd44a18daf0f99ca2242d8,2019-07-26T21:07:57Z,https://api.spotify.com/v1/audio-analysis/5FoZCDCl6WhrAIm4Ygyjg7
spotify:playlist:37i9dQZF1DWZd79rJ6a7lp,Friendship Before Love,spotify:track:2dv7Jf570NkaWlW7NcsYTa,https://p.scdn.co/mp3-preview/301fd1aec0a6be755cf90bddcdd4a2812762dbf4?cid=0192382717fd44a18daf0f99ca2242d8,2019-07-26T21:07:57Z,https://api.spotify.com/v1/audio-analysis/2dv7Jf570NkaWlW7NcsYTa
spotify:playlist:37i9dQZF1DWZd79rJ6a7lp,The Valley,spotify:track:5P8yZZg1zl6nAtgDEYFtsH,https://p.scdn.co/mp3-preview/517d43ae25ce2fe1930bff2371590c2219edf99d?cid=0192382717fd44a18daf0f99ca2242d8,2019-07-26T21:07:57Z,https://api.spotify.com/v1/audio-analysis/5P8yZZg1zl6nAtgDEYFtsH
spotify:playlist:37i9dQZF1DWZd79rJ6a7lp,Sea Of Tranquility,spotify:track:5nzGBQeLesWrD0J8Ctz75z,https://p.scdn.co/mp3-preview/5d5d69b6b6c54a5307ab007fbd2ed94f2111f5e3?cid=0192382717fd44a18daf0f99ca2242d8,2019-07-26T21:07:57Z,https://api.spotify.com/v1/audio-analysis/5nzGBQeLesWrD0J8Ctz75z
spotify:playlist:37i9dQZF1DWZd79rJ6a7lp,Revealing The Unreal,spotify:track:2zJmgxEcBUKtrfjfCn1UMM,https://p.scdn.co/mp3-preview/c9eb988f208639f4a94b74fbfb4820dbec35fc85?cid=0192382717fd44a18daf0f99ca2242d8,2019-07-26T21:07:57Z,https://api.spotify.com/v1/audio-analysis/2zJmgxEcBUKtrfjfCn1UMM
spotify:playlist:37i9dQZF1DWZd79rJ6a7lp,The Whispers,spotify:track:4VH3rKj1tmhUZtX3U43jBq,https://p.scdn.co/mp3-preview/f9f00efa0d95d2db76f1a95a518f5f0df0520b59?cid=0192382717fd44a18daf0f99ca2242d8,2019-07-26T21:07:57Z,https://api.spotify.com/v1/audio-analysis/4VH3rKj1tmhUZtX3U43jBq
spotify:playlist:37i9dQZF1DWZd79rJ6a7lp,Return of Infinity,spotify:track:2Vrtd9aLbni8sI8RV1lmwh,https://p.scdn.co/mp3-preview/8392e9fdf44a464f58f2e54548acc92464e8ba66?cid=0192382717fd44a18daf0f99ca2242d8,2019-07-26T21:07:57Z,https://api.spotify.com/v1/audio-analysis/2Vrtd9aLbni8sI8RV1lmwh
spotify:playlist:37i9dQZF1DWZd79rJ6a7lp,Reminisce in D,spotify:track:7agnxnigAzIOP4zHAOXbsk,https://p.scdn.co/mp3-preview/268b25055b2d34ef8e8f985a93f2c54b9a53ef84?cid=0192382717fd44a18daf0f99ca2242d8,2019-07-26T21:07:57Z,https://api.spotify.com/v1/audio-analysis/7agnxnigAzIOP4zHAOXbsk
spotify:playlist:37i9dQZF1DWZd79rJ6a7lp,Close,spotify:track:3DpqDWkcWia60JWJwbVbDq,https://p.scdn.co/mp3-preview/9ecc0391e1b4a1925c01e11fcba3b627a863ae6b?cid=0192382717fd44a18daf0f99ca2242d8,2019-07-26T21:07:57Z,https://api.spotify.com/v1/audio-analysis/3DpqDWkcWia60JWJwbVbDq
spotify:playlist:37i9dQZF1DWZd79rJ6a7lp,Words Of Amber,spotify:track:5iTCS5NpZYK8wJLJkbcvJY,,2019-07-26T21:07:57Z,https://api.spotify.com/v1/audio-analysis/5iTCS5NpZYK8wJLJkbcvJY
spotify:playlist:37i9dQZF1DWZd79rJ6a7lp,Theme from the Steps of Life,spotify:track:10SGotpqSWPSvbIyMuWLS9,https://p.scdn.co/mp3-preview/1f5994cdd686abbaafef0897c86e50210e288740?cid=0192382717fd44a18daf0f99ca2242d8,2019-07-26T21:07:57Z,https://api.spotify.com/v1/audio-analysis/10SGotpqSWPSvbIyMuWLS9
spotify:playlist:37i9dQZF1DWZd79rJ6a7lp,Still Life,spotify:track:2CX5QNXDNwqh87XhaVX9y7,,2019-07-26T21:07:57Z,https://api.spotify.com/v1/audio-analysis/2CX5QNXDNwqh87XhaVX9y7
spotify:playlist:37i9dQZF1DWZd79rJ6a7lp,A Glowing Heart,spotify:track:3aWgBOVyv1dpxkofHDDHGe,,2019-07-26T21:07:57Z,https://api.spotify.com/v1/audio-analysis/3aWgBOVyv1dpxkofHDDHGe
spotify:playlist:37i9dQZF1DWZd79rJ6a7lp,Keep Breathing,spotify:track:4HtGSunDdFD5QgCqI4zP29,https://p.scdn.co/mp3-preview/a4c30564321ac3850045987c7a97c94ec0d70f17?cid=0192382717fd44a18daf0f99ca2242d8,2019-07-26T21:07:57Z,https://api.spotify.com/v1/audio-analysis/4HtGSunDdFD5QgCqI4zP29
spotify:playlist:37i9dQZF1DWZd79rJ6a7lp,Chasing Cloud Nine,spotify:track:10Fb5CydCmYW3lqQGjNb04,,2019-07-26T21:07:57Z,https://api.spotify.com/v1/audio-analysis/10Fb5CydCmYW3lqQGjNb04
spotify:playlist:37i9dQZF1DWZd79rJ6a7lp,And The Flowers Were Gray,spotify:track:42ZTTDeBon4bTcSF3KA5F0,https://p.scdn.co/mp3-preview/6abbe8ffcb137aa08e4b43ae7b7c869f6a3cedcd?cid=0192382717fd44a18daf0f99ca2242d8,2019-07-26T21:07:57Z,https://api.spotify.com/v1/audio-analysis/42ZTTDeBon4bTcSF3KA5F0
spotify:playlist:37i9dQZF1DWZd79rJ6a7lp,Rapture,spotify:track:4kgig1MUfc5p99MFYRRULy,https://p.scdn.co/mp3-preview/7de565d6e5c12eab03fdbd21e53d4cb07bf0ba1d?cid=0192382717fd44a18daf0f99ca2242d8,2019-07-26T21:07:57Z,https://api.spotify.com/v1/audio-analysis/4kgig1MUfc5p99MFYRRULy
spotify:playlist:37i9dQZF1DWZd79rJ6a7lp,Pinô,spotify:track:2Ai5UUXyxaulVbompgrzlo,https://p.scdn.co/mp3-preview/0015766239a745314958f719f021cba38bed8bb3?cid=0192382717fd44a18daf0f99ca2242d8,2019-07-26T21:07:57Z,https://api.spotify.com/v1/audio-analysis/2Ai5UUXyxaulVbompgrzlo
spotify:playlist:37i9dQZF1DWZd79rJ6a7lp,Balm (Scaled Down Version),spotify:track:5eIifmrzK2XxqiABsZhYGK,,2019-07-26T21:07:57Z,https://api.spotify.com/v1/audio-analysis/5eIifmrzK2XxqiABsZhYGK
spotify:playlist:37i9dQZF1DWZd79rJ6a7lp,Solution,spotify:track:7ww76pqFaCvzJkXq3ZlRWi,https://p.scdn.co/mp3-preview/b0e2b2d266cc0801aab07ea5261632787e455c61?cid=0192382717fd44a18daf0f99ca2242d8,2019-07-26T21:07:57Z,https://api.spotify.com/v1/audio-analysis/7ww76pqFaCvzJkXq3ZlRWi
spotify:playlist:37i9dQZF1DWZd79rJ6a7lp,"Fragment, Pt. 1",spotify:track:7tiXaPmrIYPy2x8pYw5n2m,https://p.scdn.co/mp3-preview/cb94c1bbc9691a0236a9610a6b19b940d2de3b23?cid=0192382717fd44a18daf0f99ca2242d8,2019-07-26T21:07:57Z,https://api.spotify.com/v1/audio-analysis/7tiXaPmrIYPy2x8pYw5n2m
spotify:playlist:37i9dQZF1DWZd79rJ6a7lp,The Same Answer,spotify:track:5KlC2hzT0q5KHTTShSlzE5,https://p.scdn.co/mp3-preview/004d4d8fe40a6f740e5a0877a504badb13eaf201?cid=0192382717fd44a18daf0f99ca2242d8,2019-07-26T21:07:57Z,https://api.spotify.com/v1/audio-analysis/5KlC2hzT0q5KHTTShSlzE5
spotify:playlist:37i9dQZF1DWZd79rJ6a7lp,Cavatina,spotify:track:1JhaLgkRU4M7GXfjMmsDAl,https://p.scdn.co/mp3-preview/eca9a919d4d241252d0fe8d7fa510986213bf39d?cid=0192382717fd44a18daf0f99ca2242d8,2019-07-26T21:07:57Z,https://api.spotify.com/v1/audio-analysis/1JhaLgkRU4M7GXfjMmsDAl
spotify:playlist:37i9dQZF1DWZd79rJ6a7lp,Two Hearts,spotify:track:5U463rClubkFesH8GRxJNa,https://p.scdn.co/mp3-preview/2c3b33c4f5461c454379c562a3aa76d5b9d86317?cid=0192382717fd44a18daf0f99ca2242d8,2019-07-26T21:07:57Z,https://api.spotify.com/v1/audio-analysis/5U463rClubkFesH8GRxJNa
spotify:playlist:37i9dQZF1DWZd79rJ6a7lp,Wake up Rested,spotify:track:3AKj2SIi4Z765IPjXgPnvL,https://p.scdn.co/mp3-preview/15416cab83fb29e665f914232b3f5557f83ae0a1?cid=0192382717fd44a18daf0f99ca2242d8,2019-07-26T21:07:57Z,https://api.spotify.com/v1/audio-analysis/3AKj2SIi4Z765IPjXgPnvL
spotify:playlist:37i9dQZF1DWZd79rJ6a7lp,Depths of Eternity,spotify:track:1Ujn2n8YOeyXbUM4fAlN0A,https://p.scdn.co/mp3-preview/c51f823e161961fe5368802d21dfe01832648408?cid=0192382717fd44a18daf0f99ca2242d8,2019-07-26T21:07:57Z,https://api.spotify.com/v1/audio-analysis/1Ujn2n8YOeyXbUM4fAlN0A
spotify:playlist:37i9dQZF1DWZd79rJ6a7lp,Dream 11 (whisper music) - Pt. 1,spotify:track:6ueAOxTi3uTlpmnq1lyAFE,,2019-07-26T21:07:57Z,https://api.spotify.com/v1/audio-analysis/6ueAOxTi3uTlpmnq1lyAFE
spotify:playlist:37i9dQZF1DWZd79rJ6a7lp,The Ones Left Behind,spotify:track:1pfOyfuKafxJXajfsnU731,https://p.scdn.co/mp3-preview/f1142f859fe5875eb216a47206a26f1c7cec1b8d?cid=0192382717fd44a18daf0f99ca2242d8,2019-07-26T21:07:57Z,https://api.spotify.com/v1/audio-analysis/1pfOyfuKafxJXajfsnU731
spotify:playlist:37i9dQZF1DWZd79rJ6a7lp,Dharana Focus,spotify:track:5OpOdnNT8P4aMvYFsmidPN,https://p.scdn.co/mp3-preview/e8e391ec6c54a85f049783d553525141d8614ebe?cid=0192382717fd44a18daf0f99ca2242d8,2019-07-26T21:07:57Z,https://api.spotify.com/v1/audio-analysis/5OpOdnNT8P4aMvYFsmidPN
spotify:playlist:37i9dQZF1DWZd79rJ6a7lp,Translucent,spotify:track:3kP2VckHqEVcpxgV5wlmtK,,2019-07-26T21:07:57Z,https://api.spotify.com/v1/audio-analysis/3kP2VckHqEVcpxgV5wlmtK
spotify:playlist:37i9dQZF1DWZd79rJ6a7lp,Carry On,spotify:track:2e6uDYgJsa7rgIYzbNVoCi,https://p.scdn.co/mp3-preview/b832a245e058251863fe4924b82afd72e5a24450?cid=0192382717fd44a18daf0f99ca2242d8,2019-07-26T21:07:57Z,https://api.spotify.com/v1/audio-analysis/2e6uDYgJsa7rgIYzbNVoCi
spotify:playlist:37i9dQZF1DWZd79rJ6a7lp,Healing Memories,spotify:track:7nd51y4iaZaNLZcbAyQZWK,https://p.scdn.co/mp3-preview/2ea8321f15d87c7bb169c68652d8a19a338a8c84?cid=0192382717fd44a18daf0f99ca2242d8,2019-07-26T21:07:57Z,https://api.spotify.com/v1/audio-analysis/7nd51y4iaZaNLZcbAyQZWK
spotify:playlist:37i9dQZF1DWZd79rJ6a7lp,Quiet Dreams,spotify:track:6jJkW2RUsOHCe4hiIk1tED,https://p.scdn.co/mp3-preview/5e0790c32c00139b1746cdf26e48c79fbbdae9a4?cid=0192382717fd44a18daf0f99ca2242d8,2019-07-26T21:07:57Z,https://api.spotify.com/v1/audio-analysis/6jJkW2RUsOHCe4hiIk1tED
spotify:playlist:37i9dQZF1DWZd79rJ6a7lp,From Dusk til Dark,spotify:track:58M75fyfarDqc33r3CgWcv,https://p.scdn.co/mp3-preview/b0f4e99223c12189db98cceff2d7f1aee8eb82d5?cid=0192382717fd44a18daf0f99ca2242d8,2019-07-26T21:07:57Z,https://api.spotify.com/v1/audio-analysis/58M75fyfarDqc33r3CgWcv
spotify:playlist:37i9dQZF1DWZd79rJ6a7lp,Finally You Needed Me,spotify:track:402eCegPnC05HLdbx6Ds3r,https://p.scdn.co/mp3-preview/78af0ea5af3cae400113a647b36059ecd4d8c636?cid=0192382717fd44a18daf0f99ca2242d8,2019-07-26T21:07:57Z,https://api.spotify.com/v1/audio-analysis/402eCegPnC05HLdbx6Ds3r
spotify:playlist:37i9dQZF1DWZd79rJ6a7lp,Slip into Darkness,spotify:track:4qbZuBtFrD55ATmDPRrNOQ,https://p.scdn.co/mp3-preview/4583b6dbb9623c7cf9cfddff314d81ea97128b5a?cid=0192382717fd44a18daf0f99ca2242d8,2019-07-26T21:07:57Z,https://api.spotify.com/v1/audio-analysis/4qbZuBtFrD55ATmDPRrNOQ
spotify:playlist:37i9dQZF1DWZd79rJ6a7lp,Skylines,spotify:track:3WeYjOyamokKdl3cvQysZq,https://p.scdn.co/mp3-preview/0423484de86ff816db025d82daac1ce55d4aa82f?cid=0192382717fd44a18daf0f99ca2242d8,2019-07-26T21:07:57Z,https://api.spotify.com/v1/audio-analysis/3WeYjOyamokKdl3cvQysZq
spotify:playlist:37i9dQZF1DWZd79rJ6a7lp,Sueño tranquilo,spotify:track:7vCDAK4DJNr1GHYEG3Ylyp,https://p.scdn.co/mp3-preview/f7b3cadb84f74a11abd91d19f8eb4ddee870b352?cid=0192382717fd44a18daf0f99ca2242d8,2019-07-26T21:07:57Z,https://api.spotify.com/v1/audio-analysis/7vCDAK4DJNr1GHYEG3Ylyp
spotify:playlist:37i9dQZF1DWZd79rJ6a7lp,Observations From A Faraway Place,spotify:track:5H14dJbhKeaU1ffTMmIGJi,https://p.scdn.co/mp3-preview/5dc0f365245e88b12cb97d3d7833a72e24796ae3?cid=0192382717fd44a18daf0f99ca2242d8,2019-07-26T21:07:57Z,https://api.spotify.com/v1/audio-analysis/5H14dJbhKeaU1ffTMmIGJi
spotify:playlist:37i9dQZF1DWZd79rJ6a7lp,Cosmos,spotify:track:211l6gKeErP58kN2gvzuQZ,https://p.scdn.co/mp3-preview/62968173b0a3c952d5013548894f52625df496e6?cid=0192382717fd44a18daf0f99ca2242d8,2019-07-26T21:07:57Z,https://api.spotify.com/v1/audio-analysis/211l6gKeErP58kN2gvzuQZ
spotify:playlist:37i9dQZF1DWZd79rJ6a7lp,legacy,spotify:track:4EWCM7S4DAtpSJ0BOiM9LK,https://p.scdn.co/mp3-preview/d1b6c4868ca9cab60a6dec92cba194f4a6eecd43?cid=0192382717fd44a18daf0f99ca2242d8,2019-07-26T21:07:57Z,https://api.spotify.com/v1/audio-analysis/4EWCM7S4DAtpSJ0BOiM9LK
spotify:playlist:37i9dQZF1DWZd79rJ6a7lp,Polar Drone,spotify:track:6SxcRJNPDlwiciVkzxu0oC,https://p.scdn.co/mp3-preview/f529dbf82c0cbed7906e64d92fa441e4e52dc703?cid=0192382717fd44a18daf0f99ca2242d8,2019-07-26T21:07:57Z,https://api.spotify.com/v1/audio-analysis/6SxcRJNPDlwiciVkzxu0oC
spotify:playlist:37i9dQZF1DWZd79rJ6a7lp,Clouds,spotify:track:6IjGXmSzA9uTQViwu9NO0r,https://p.scdn.co/mp3-preview/87671af4063813eff9accb1c1a4dc8dd82cb1875?cid=0192382717fd44a18daf0f99ca2242d8,2019-07-26T21:07:57Z,https://api.spotify.com/v1/audio-analysis/6IjGXmSzA9uTQViwu9NO0r
spotify:playlist:37i9dQZF1DWZd79rJ6a7lp,Soul Touch,spotify:track:7apRzgUmowaP3Xc0syvoa5,https://p.scdn.co/mp3-preview/56bad9a2f18fd064261ca93315998b67b0e5b373?cid=0192382717fd44a18daf0f99ca2242d8,2019-07-26T21:07:57Z,https://api.spotify.com/v1/audio-analysis/7apRzgUmowaP3Xc0syvoa5
spotify:playlist:37i9dQZF1DWZd79rJ6a7lp,Imgur,spotify:track:5Jxym542I1NBxCm6N2i2uo,https://p.scdn.co/mp3-preview/6a3e28703fed7c96e7972c6a2cec1a8decdc2b70?cid=0192382717fd44a18daf0f99ca2242d8,2019-07-26T21:07:57Z,https://api.spotify.com/v1/audio-analysis/5Jxym542I1NBxCm6N2i2uo
spotify:playlist:37i9dQZF1DWZd79rJ6a7lp,The Light,spotify:track:5fQDgZlXiwaIxQtL0DvhhJ,https://p.scdn.co/mp3-preview/ecaec5128130ed4d7669db44f2badfe7474993fd?cid=0192382717fd44a18daf0f99ca2242d8,2019-07-26T21:07:57Z,https://api.spotify.com/v1/audio-analysis/5fQDgZlXiwaIxQtL0DvhhJ
spotify:playlist:37i9dQZF1DWZd79rJ6a7lp,Above The Clouds,spotify:track:1qjktDcnb02OCdkbHMxXEp,https://p.scdn.co/mp3-preview/a6805adde7e3e93939603ed9ebdf13affe351efd?cid=0192382717fd44a18daf0f99ca2242d8,2019-07-26T21:07:57Z,https://api.spotify.com/v1/audio-analysis/1qjktDcnb02OCdkbHMxXEp
